{"cameraMode":{"drawMode":0,"name":"Shaded","section":"Shading Mode"},"sceneLighting":true,"audioPlay":false,"sceneViewState":{"m_AlwaysRefresh":false,"showFog":true,"showSkybox":true,"showFlares":true,"showImageEffects":true,"showParticleSystems":true,"showVisualEffectGraphs":true,"m_FxEnabled":true},"in2DMode":false,"pivot":{"x":3.930034637451172,"y":1.7472736835479737,"z":1.5897393226623536},"rotation":{"x":-0.17398568987846375,"y":0.3162991404533386,"z":-0.059148263186216357,"w":-0.9307214617729187},"size":2.0342860221862795,"orthographic":false}